{"episodes": 2000, "avg_reward": -0.1551, "avg_length": 1.105, "avg_apples": 0.105, "epsilon": 0.3677874521460121, "eval_last": [2000, -0.5387499999999994, 18.475, 0.025]}